[{"rank": 1, "count": 15342397280, "word": "of"},
{"rank": 2, "count": 7611765281, "word": "in"},
{"rank": 4, "count": 11021132912, "word": "and"},
{"rank": 8, "count": 3021925527, "word": "for"},
{"rank": 16, "count": 1562321315, "word": "at"},
{"rank": 32, "count": 746702714, "word": "more"},
{"rank": 64, "count": 652703221, "word": "its"},
{"rank": 128, "count": 186584246, "word": "different"},
{"rank": 256, "count": 102237666, "word": "light"},
{"rank": 512, "count": 44824164, "word": "middle"},
{"rank": 1024, "count": 34340679, "word": "additional"},
{"rank": 2048, "count": 11864923, "word": "abandoned"},
{"rank": 4096, "count": 7506730, "word": "motive"},
{"rank": 8192, "count": 10615754, "word": "Die"},
{"rank": 16384, "count": 907890, "word": "portrays"},
{"rank": 32768, "count": 226851, "word": "Fundamentally"},
{"rank": 65536, "count": 144913, "word": "dv"}]